<?xml version="1.0" encoding="UTF-8"?><TaskRepositories OutputVersion="2"><TaskRepository kind="bugzilla" url="https://bugs.eclipse.org/bugs" version="3.6" encoding="UTF-8" timezone="Europe/Paris" org.eclipse.mylyn.tasklist.repositories.proxy.usedefault="true" org.eclipse.mylyn.tasklist.repositories.savePassword="true" org.eclipse.mylyn.tasklist.repositories.httpauth.savePassword="true" org.eclipse.mylyn.tasklist.repositories.proxy.savePassword="true" label="Eclipse.org" org.eclipse.mylyn.tasklist.repositories.enabled="false" org.eclipse.mylyn.tasklist.repositories.template="true" category="org.eclipse.mylyn.category.bugs" avatarSupport="true" template.value.prefix.useclassification="false" template.value.prefix.usetargetmilestone="true" template.value.prefix.useqacontact="true" template.value.prefix.usestatuswhiteboard="true" template.value.prefix.usebugaliases="false" template.value.prefix.use_see_also="true" template.value.prefix.useXMLRPC="false" org.eclipse.mylyn.tasklist.repositories.httpauth.enabled="false" org.eclipse.mylyn.tasklist.repositories.proxy.hostname="" org.eclipse.mylyn.tasklist.repositories.proxy.port="" org.eclipse.mylyn.tasklist.repositories.proxy.enabled="false" org.eclipse.mylyn.tasklist.repositories.offline="false" editorExtension="org.eclipse.mylyn.wikitext.tasks.ui.editor.textileTaskEditorExtension" bugzilla.shortLoginEnabled="false" bugzilla.languageSetting="en (default)" bugzilla.xmlrpc.status.transition="false" bugzilla.desciptorFile="" bugzilla.param.use.classification="false" bugzilla.param.usetargetmilestone="true" bugzilla.param.useqacontact="true" bugzilla.param.usestatuswhiteboard="true" bugzilla.param.usebugaliases="false" bugzilla.param.use_see_also="true" bugzilla.insider.group="false"><Property value="3.6" key="version"/><Property value="UTF-8" key="encoding"/><Property value="Europe/Paris" key="timezone"/><Property value="true" key="org.eclipse.mylyn.tasklist.repositories.proxy.usedefault"/><Property value="true" key="org.eclipse.mylyn.tasklist.repositories.savePassword"/><Property value="true" key="org.eclipse.mylyn.tasklist.repositories.httpauth.savePassword"/><Property value="true" key="org.eclipse.mylyn.tasklist.repositories.proxy.savePassword"/><Property value="Eclipse.org" key="label"/><Property value="false" key="org.eclipse.mylyn.tasklist.repositories.enabled"/><Property value="true" key="org.eclipse.mylyn.tasklist.repositories.template"/><Property value="org.eclipse.mylyn.category.bugs" key="category"/><Property value="true" key="avatarSupport"/><Property value="false" key="template.value.prefix.useclassification"/><Property value="true" key="template.value.prefix.usetargetmilestone"/><Property value="true" key="template.value.prefix.useqacontact"/><Property value="true" key="template.value.prefix.usestatuswhiteboard"/><Property value="false" key="template.value.prefix.usebugaliases"/><Property value="true" key="template.value.prefix.use_see_also"/><Property value="false" key="template.value.prefix.useXMLRPC"/><Property value="false" key="org.eclipse.mylyn.tasklist.repositories.httpauth.enabled"/><Property value="" key="org.eclipse.mylyn.tasklist.repositories.proxy.hostname"/><Property value="" key="org.eclipse.mylyn.tasklist.repositories.proxy.port"/><Property value="false" key="org.eclipse.mylyn.tasklist.repositories.proxy.enabled"/><Property value="false" key="org.eclipse.mylyn.tasklist.repositories.offline"/><Property value="org.eclipse.mylyn.wikitext.tasks.ui.editor.textileTaskEditorExtension" key="editorExtension"/><Property value="false" key="bugzilla.shortLoginEnabled"/><Property value="en (default)" key="bugzilla.languageSetting"/><Property value="false" key="bugzilla.xmlrpc.status.transition"/><Property value="" key="bugzilla.desciptorFile"/><Property value="false" key="bugzilla.param.use.classification"/><Property value="true" key="bugzilla.param.usetargetmilestone"/><Property value="true" key="bugzilla.param.useqacontact"/><Property value="true" key="bugzilla.param.usestatuswhiteboard"/><Property value="false" key="bugzilla.param.usebugaliases"/><Property value="true" key="bugzilla.param.use_see_also"/><Property value="false" key="bugzilla.insider.group"/></TaskRepository><TaskRepository kind="local" url="local" version="1" encoding="UTF-8" timezone="Europe/Paris" org.eclipse.mylyn.tasklist.repositories.proxy.usedefault="true" org.eclipse.mylyn.tasklist.repositories.savePassword="true" org.eclipse.mylyn.tasklist.repositories.httpauth.savePassword="true" org.eclipse.mylyn.tasklist.repositories.proxy.savePassword="true" label="Local" category="org.eclipse.mylyn.category.tasks" editorExtension="org.eclipse.mylyn.wikitext.tasks.ui.editor.textileTaskEditorExtension" avatarSupport="false"><Property value="1" key="version"/><Property value="UTF-8" key="encoding"/><Property value="Europe/Paris" key="timezone"/><Property value="true" key="org.eclipse.mylyn.tasklist.repositories.proxy.usedefault"/><Property value="true" key="org.eclipse.mylyn.tasklist.repositories.savePassword"/><Property value="true" key="org.eclipse.mylyn.tasklist.repositories.httpauth.savePassword"/><Property value="true" key="org.eclipse.mylyn.tasklist.repositories.proxy.savePassword"/><Property value="Local" key="label"/><Property value="org.eclipse.mylyn.category.tasks" key="category"/><Property value="org.eclipse.mylyn.wikitext.tasks.ui.editor.textileTaskEditorExtension" key="editorExtension"/><Property value="false" key="avatarSupport"/></TaskRepository></TaskRepositories>